{
  "carvers": {
    "air": [
      "minecraft:cave",
      "minecraft:cave_extra_underground",
      "minecraft:canyon"
    ]
  },
  "downfall": 0.5,
  "effects": {
    "additions_sound": {
      "sound": "jamiesmod:ambient.ancient_forest.additions",
      "tick_chance": 0.0007
    },

    "fog_color": 8436873,
    "foliage_color": 11851346,
    "grass_color": 11851346,
    "mood_sound": {
      "block_search_extent": 8,
      "offset": 2.0,
      "sound": "minecraft:ambient.cave",
      "tick_delay": 6000
    },
    "music": {
      "max_delay": 24000,
      "min_delay": 12000,
      "replace_current_music": false,
      "sound": "jamiesmod:music.bygone.ancient_forest"
    },
    "particle": {
      "options": {
        "type": "minecraft:spore_blossom_air"
      },
      "probability": 0.025
    },
    "sky_color": 8060852,
    "water_color": 4159204,
    "water_fog_color": 329011
  },
  "features": [
    [
    ],
    [
    ],
    [
      "minecraft:forest_rock"
    ],
    [
      "jamiesmod:fossil_upper",
      "jamiesmod:fossil_lower",
      "minecraft:monster_room",
      "minecraft:monster_room_deep",
      "jamiesmod:small_cloud"
    ],
    [],
    [],
    [
      "jamiesmod:ore_coal_upper",
      "jamiesmod:ore_coal_lower",
      "jamiesmod:ore_iron_upper",
      "jamiesmod:ore_iron_middle",
      "jamiesmod:ore_iron_small",
      "jamiesmod:ore_copper"
    ],
    [],
    [
    ],
    [
      "jamiesmod:ancient_flowers",
      "jamiesmod:ancient_forest/medium_ancient_trees",
      "jamiesmod:ancient_forest/small_ancient_trees",
      "minecraft:glow_lichen",
      "jamiesmod:cave_vines",
      "minecraft:patch_tall_grass_2",
      "jamiesmod:patch_grass_ancient_forest",
      "jamiesmod:patch_tall_grass",
      "jamiesmod:ancient_forest_vegetation",
      "minecraft:rooted_azalea_tree"
    ],
    [
      "minecraft:brown_mushroom_normal",
      "minecraft:red_mushroom_normal"
    ]
  ],
  "has_precipitation": false,
  "spawn_costs": {},
  "spawners": {
    "ambient": [
    ],
    "axolotls": [

    ],
    "creature": [

    ],
    "misc": [],
    "monster": [
      {
        "type": "jamiesmod:big_beak",
        "maxCount": 1,
        "minCount": 1,
        "weight": 15
      },

      {
        "type": "jamiesmod:glare",
        "maxCount": 3,
        "minCount": 2,
        "weight": 20
      }
    ],
    "underground_water_creature": [

    ],
    "water_creature": []
  },
  "temperature": 0.5
}