{
  "carvers": {
    "air": [
      "minecraft:cave",
      "minecraft:cave_extra_underground",
      "minecraft:canyon"
    ]
  },
  "downfall": 0.5,
  "effects": {
    "fog_color": 488284,
    "mood_sound": {
      "block_search_extent": 8,
      "offset": 2.0,
      "sound": "minecraft:ambient.cave",
      "tick_delay": 6000
    },
    "sky_color": 6988951,
    "water_color": 4445678,
    "water_fog_color": 270131
  },
  "features": [
    [],
    [
    ],
    [
      "minecraft:iceberg_packed",
      "minecraft:iceberg_blue"
    ],
    [
      "jamiesmod:fossil_upper",
      "jamiesmod:fossil_lower",
      "minecraft:monster_room",
      "minecraft:monster_room_deep"
    ],
    [
      "minecraft:small_basalt_columns",
      "jamiesmod:small_cloud"
    ],
    [],
    [
      "jamiesmod:ore_coal_upper",
      "jamiesmod:ore_coal_lower",
      "jamiesmod:ore_iron_upper",
      "jamiesmod:ore_iron_middle",
      "jamiesmod:ore_iron_small",
      "jamiesmod:ore_copper",
      "jamiesmod:ore_malachite",
      "minecraft:underwater_magma",
      "minecraft:disk_sand",
      "minecraft:disk_clay",
      "minecraft:disk_gravel"
    ],
    [],
    [
      "minecraft:spring_water",
      "minecraft:glowstone_extra",
      "minecraft:glowstone"
    ],
    [
      "minecraft:jungle_bush",
      "jamiesmod:patch_blue",
      "minecraft:glow_lichen",
      "minecraft:trees_water",
      "minecraft:flower_default",
      "minecraft:patch_grass_badlands",
      "minecraft:brown_mushroom_normal",
      "minecraft:red_mushroom_normal",
      "minecraft:patch_sugar_cane",
      "minecraft:patch_pumpkin",
      "jamiesmod:seagrass_deep",
      "jamiesmod:kelp"
    ],
    [
      "minecraft:freeze_top_layer"
    ]
  ],
  "has_precipitation": true,
  "spawn_costs": {},
  "spawners": {
    "ambient": [

    ],
    "axolotls": [],
    "creature": [],
    "misc": [],
    "monster": [
      {
        "type": "minecraft:slime",
        "maxCount": 4,
        "minCount": 4,
        "weight": 100
      },
      {
        "type": "minecraft:drowned",
        "maxCount": 1,
        "minCount": 1,
        "weight": 5
      }
    ],
    "underground_water_creature": [
      {
        "type": "minecraft:glow_squid",
        "maxCount": 6,
        "minCount": 4,
        "weight": 10
      }
    ],
    "water_ambient": [
      {
        "type": "minecraft:cod",
        "maxCount": 6,
        "minCount": 3,
        "weight": 15
      },
      {
        "type": "minecraft:pufferfish",
        "maxCount": 3,
        "minCount": 1,
        "weight": 5
      },
      {
        "type": "minecraft:tropical_fish",
        "maxCount": 8,
        "minCount": 8,
        "weight": 25
      }
    ],
    "water_creature": [
      {
        "type": "minecraft:squid",
        "maxCount": 2,
        "minCount": 1,
        "weight": 10
      },
      {
        "type": "minecraft:dolphin",
        "maxCount": 2,
        "minCount": 1,
        "weight": 2
      }
    ]
  },
  "temperature": 0.5
}