{
  "ambient_light": 0.0,
  "bed_works": false,
  "coordinate_scale": 2.0,
  "effects": "minecraft:the_nether",
  "fixed_time": 18000,
  "has_ceiling": true,
  "has_raids": false,
  "has_skylight": false,
  "height": 384,
  "infiniburn": "#minecraft:infiniburn_overworld",
  "logical_height": 384,
  "min_y": -64,
  "monster_spawn_block_light_limit": 15,
  "monster_spawn_light_level": 0,
  "natural": true,
  "piglin_safe": true,
  "respawn_anchor_works": true,
  "ultrawarm": false
}