{
  "parent": "minecraft:recipes/root",
  "criteria": {
    "has_ancient_planks": {
      "conditions": {
        "items": [
          {
            "items": "jamiesmod:ancient_planks"
          }
        ]
      },
      "trigger": "minecraft:inventory_changed"
    },
    "has_the_recipe": {
      "conditions": {
        "recipe": "minecraft:ancient_pressure_plate"
      },
      "trigger": "minecraft:recipe_unlocked"
    }
  },
  "requirements": [
    [
      "has_the_recipe",
      "has_ancient_planks"
    ]
  ],
  "rewards": {
    "recipes": [
      "minecraft:ancient_pressure_plate"
    ]
  }
}