{
    "feature": {
        "type": "minecraft:vegetation_patch",
        "config": {
            "surface": "ceiling",
            "depth": 2,
            "vertical_range": 5,
            "extra_bottom_block_chance": 0,
            "extra_edge_column_chance": 0,
            "vegetation_chance": 1,
            "xz_radius": 0,
            "replaceable": "#minecraft:air",
            "ground_state": {
                "type": "minecraft:weighted_state_provider",
                "entries": [
                    {
                        "weight":1,
                        "data": {
                            "Name": "jamiesmod:claystone"
                        }
                    },
                    {
                        "weight":1,
                        "data": {
                            "Name": "jamiesmod:bygonestone"
                        }
                    },
                    {
                        "weight":1,
                        "data": {
                            "Name": "jamiesmod:bygoneslate"
                        }
                    },
                    {
                        "weight":1,
                        "data": {
                            "Name": "minecraft:moss_block"
                        }
                    }
                ]
            },
            "vegetation_feature": {
                "feature": "jamiesmod:ancient_forest/small_ancient_trees",
                "placement": []
            }
        }
    },
    "placement": [
        {
            "type": "minecraft:count",
            "count": 100
        },
        {
            "type": "minecraft:in_square"
        },
        {
            "type": "minecraft:height_range",
            "height": {
                "type": "minecraft:uniform",
                "min_inclusive": {
                    "above_bottom": 0
                },
                "max_inclusive": {
                    "below_top": 0
                }
            }
        },
        {
            "type": "minecraft:environment_scan",
            "direction_of_search": "up",
            "max_steps": 16,
            "target_condition": {
                "type": "minecraft:solid"
            },
            "allowed_search_condition": {
                "type": "minecraft:matching_blocks",
                "offset": [
                    0,
                    0,
                    0
                ],
                "blocks": "#minecraft:air"
            }
        }
    ]
}