{
    "feature": {
        "type": "minecraft:vegetation_patch",
        "config": {
            "surface": "ceiling",
            "depth": 2,
            "vertical_range": 5,
            "extra_bottom_block_chance": 0,
            "extra_edge_column_chance": 0,
            "vegetation_chance": 1,
            "xz_radius": 1,
            "replaceable": "#minecraft:air",
            "ground_state": {
                "type": "minecraft:simple_state_provider",
                "state": {
                    "Name": "jamiesmod:bygonestone"
                }
            },
            "vegetation_feature": {
                "feature": "jamiesmod:ancient_forest/small_ancient_trees",
                "placement": []
            }
        }
    },
    "placement": [
        {
            "type": "minecraft:count",
            "count": 15
        },
        {
            "type": "minecraft:in_square"
        },
        {
            "type": "minecraft:environment_scan",
            "direction_of_search": "up",
            "max_steps": 16,
            "target_condition": {
                "type": "minecraft:solid"
            },
            "allowed_search_condition": {
                "type": "minecraft:matching_blocks",
                "offset": [
                    0,
                    0,
                    0
                ],
                "blocks": "#minecraft:air"
            }
        }
    ]
}