{
  "type": "minecraft:simple_block",
  "config": {
    "to_place": {
      "type": "minecraft:weighted_state_provider",
      "entries": [
        {
          "data": {
            "Name": "jamiesmod:rafflesia"
          },
          "weight": 1
        },
        {
          "data": {
            "Name": "jamiesmod:sagaria"
          },
          "weight": 2
        },
        {
          "data": {
            "Name": "jamiesmod:montsechia"
          },
          "weight": 3
        },
        {
          "data": {
            "Name": "minecraft:moss_carpet"
          },
          "weight": 25
        },
        {
          "data": {
            "Name": "minecraft:short_grass"
          },
          "weight": 50
        },
        {
          "data": {
            "Name": "minecraft:tall_grass",
            "Properties": {
              "half": "lower"
            }
          },
          "weight": 20
        },
        {
          "data": {
            "Name": "minecraft:fern",
            "Properties": {
              "half": "lower"
            }
          },
          "weight": 10
        }
      ]
    }
  }
}