{
  "type": "minecraft:squeeze",
  "argument": {
    "type": "minecraft:mul",
    "argument1": 0.64,
    "argument2": {
      "type": "minecraft:interpolated",
      "argument": {
        "type": "minecraft:blend_density",
        "argument": {
          "type": "minecraft:add",
          "argument1": -0.234375,
          "argument2": {
            "type": "minecraft:mul",
            "argument1": {
              "type": "minecraft:y_clamped_gradient",
              "from_value": 0.0,
              "from_y": -60,
              "to_value": 2.0,
              "to_y": 230
            },
            "argument2": {
              "type": "minecraft:add",
              "argument1": 0.234375,
              "argument2": {
                "type": "minecraft:add",
                "argument1": -23.4375,
                "argument2": {
                  "type": "minecraft:mul",
                  "argument1": {
                    "type": "minecraft:y_clamped_gradient",
                    "from_value": 1.0,
                    "from_y": 184,
                    "to_value": 1.5,
                    "to_y": 440
                  },
                  "argument2": {
                    "type": "minecraft:add",
                    "argument1": 23.4375,
                    "argument2": "minecraft:end/base_3d_noise"
                  }
                }
              }
            }
          }
        }
      }
    }
  }
}
