{
    "type": "minecraft:random_patch",
    "config": {
        "tries": 12,
        "xz_spread": 1,
        "y_spread": 0,
        "feature": {
            "feature": "jamiesmod:ancient_forest/leaves/small_leaves_3",
            "placement": [
                {
                    "type": "minecraft:block_predicate_filter",
                    "predicate": {
                        "type": "minecraft:matching_blocks",
                        "offset": [
                            0,
                            1,
                            0
                        ],
                        "blocks": "jamiesmod:ancient_log"
                    }
                }
            ]
        }
    }
}