{
    "type": "minecraft:tree",
    "config": {
        "ignore_vines": true,
        "force_dirt": false,
        "minimum_size": {
            "type": "minecraft:two_layers_feature_size",
            "min_clipped_height": 0,
            "limit": 0,
            "lower_size": 0,
            "upper_size": 0
        },
        "dirt_provider": {
            "type": "minecraft:simple_state_provider",
            "state": {
                "Name": "minecraft:air",
                "Properties": {}
            }
        },
        "trunk_provider": {
            "type": "minecraft:simple_state_provider",
            "state": {
                "Name": "jamiesmod:ancient_leaves",
                "Properties": {}
            }
        },
        "foliage_provider": {
            "type": "minecraft:simple_state_provider",
            "state": {
                "Name": "jamiesmod:ancient_leaves",
                "Properties": {
                    "distance": "7",
                    "persistent": "true",
                    "waterlogged": "false"
                }
            }
        },
        "trunk_placer": {
            "type": "minecraft:straight_trunk_placer",
            "base_height": 1,
            "height_rand_a": 0,
            "height_rand_b": 0
        },
        "foliage_placer": {
            "type": "minecraft:blob_foliage_placer",
            "radius": 2,
            "offset": 0,
            "height": 1
        },
        "decorators": []
    }
}