{
    "type": "minecraft:simple_random_selector",
    "config": {
        "features": [
            {
                "feature": {
                    "type": "minecraft:simple_random_selector",
                    "config": {
                        "features": [
                            {
                                "feature": {
                                    "type": "minecraft:tree",
                                    "config": {
                                        "ignore_vines": true,
                                        "force_dirt": false,
                                        "minimum_size": {
                                            "type": "minecraft:two_layers_feature_size",
                                            "min_clipped_height": 0,
                                            "limit": 0,
                                            "lower_size": 0,
                                            "upper_size": 0
                                        },
                                        "dirt_provider": {
                                            "type": "minecraft:simple_state_provider",
                                            "state": {
                                                "Name": "jamiesmod:ancient_leaves",
                                                "Properties": {
                                                    "distance": "7",
                                                    "persistent": "true",
                                                    "waterlogged": "false"
                                                }
                                            }
                                        },
                                        "trunk_provider": {
                                            "type": "minecraft:simple_state_provider",
                                            "state": {
                                                "Name": "jamiesmod:ancient_log",
                                                "Properties": {
                                                    "axis": "y"
                                                }
                                            }
                                        },
                                        "foliage_provider": {
                                            "type": "minecraft:simple_state_provider",
                                            "state": {
                                                "Name": "jamiesmod:ancient_wood",
                                                "Properties": {
                                                    "axis": "y"
                                                }
                                            }
                                        },
                                        "trunk_placer": {
                                            "type": "minecraft:giant_trunk_placer",
                                            "base_height": 12,
                                            "height_rand_a": 0,
                                            "height_rand_b": 0
                                        },
                                        "foliage_placer": {
                                            "type": "minecraft:fancy_foliage_placer",
                                            "radius": 1,
                                            "offset": 2,
                                            "height": 3
                                        },
                                        "decorators": [
                                            {
                                                "type": "minecraft:attached_to_leaves",
                                                "probability": 0.5,
                                                "exclusion_radius_xz": 1,
                                                "exclusion_radius_y": 0,
                                                "required_empty_blocks": 1,
                                                "block_provider": {
                                                    "type": "minecraft:simple_state_provider",
                                                    "state": {
                                                        "Name": "jamiesmod:ancient_wood",
                                                        "Properties": {
                                                            "axis": "y"
                                                        }
                                                    }
                                                },
                                                "directions": [
                                                    "down"
                                                ]
                                            }
                                        ]
                                    }
                                },
                                "placement": [
                                    {
                                        "type": "minecraft:random_offset",
                                        "xz_spread": 0,
                                        "y_spread": -12
                                    },
                                    {
                                        "type": "minecraft:block_predicate_filter",
                                        "predicate": {
                                            "type": "minecraft:not",
                                            "predicate": {
                                                "type": "minecraft:matching_blocks",
                                                "offset": [
                                                    0,
                                                    0,
                                                    0
                                                ],
                                                "blocks": "jamiesmod:ancient_log"
                                            }
                                        }
                                    }
                                ]
                            },
                            {
                                "feature": {
                                    "type": "minecraft:simple_random_selector",
                                    "config": {
                                        "features": [
                                            {
                                                "feature": "jamiesmod:ancient_forest/leaves/medium_leaves_1",
                                                "placement": [
                                                    {
                                                        "type": "minecraft:random_offset",
                                                        "xz_spread": 0,
                                                        "y_spread": -13
                                                    }
                                                ]
                                            },
                                            {
                                                "feature": "jamiesmod:ancient_forest/leaves/medium_leaves_2",
                                                "placement": [
                                                    {
                                                        "type": "minecraft:random_offset",
                                                        "xz_spread": 0,
                                                        "y_spread": -13
                                                    }
                                                ]
                                            }
                                        ]
                                    }
                                },
                                "placement": [
                                    {
                                        "type": "minecraft:block_predicate_filter",
                                        "predicate": {
                                            "type": "minecraft:matching_blocks",
                                            "offset": [
                                                0,
                                                -8,
                                                0
                                            ],
                                            "blocks": "jamiesmod:ancient_log"
                                        }
                                    },
                                    {
                                        "type": "minecraft:count",
                                        "count": 4
                                    }
                                ]
                            }
                        ]
                    }
                },
                "placement": [
                    {
                        "type": "minecraft:count",
                        "count": 10
                    }
                ]
            }
        ]
    }
}