{
    "type": "minecraft:simple_random_selector",
    "config": {
        "features": [
            {
                "feature": "jamiesmod:ancient_forest/small_ancient_forest_tree_1",
                "placement": []
            },
            {
                "feature": "jamiesmod:ancient_forest/small_ancient_forest_tree_2",
                "placement": []
            },
            {
                "feature": "jamiesmod:ancient_forest/small_ancient_forest_tree_3",
                "placement": []
            },
            {
                "feature": "jamiesmod:ancient_forest/small_ancient_forest_tree_4",
                "placement": []
            },
            {
                "feature": "jamiesmod:ancient_forest/small_ancient_forest_tree_5",
                "placement": []
            }
        ]
    }
}