{
  "sea_level": -64,
  "disable_mob_generation": false,
  "ore_veins_enabled": true,
  "aquifers_enabled": true,
  "legacy_random_source": true,
  "default_block": {
    "Name": "jamiesmod:bygonestone"
  },
  "default_fluid": {
    "Name": "minecraft:water",
    "Properties": {
      "level": "0"
    }
  },
  "spawn_target": [
    {
      "continentalness": [-0.11, 1.0],
      "depth": 0,
      "erosion": [-1.0, 1.0],
      "humidity": [-1.0, 1.0],
      "offset": 0,
      "temperature": [-1.0, 1.0],
      "weirdness": [-1.0, -0.16]
    },
    {
      "continentalness": [-0.11, 1.0],
      "depth": 0,
      "erosion": [-1.0, 1.0],
      "humidity": [-1.0, 1.0],
      "offset": 0,
      "temperature": [-1.0, 1.0],
      "weirdness": [0.16, 1.0]
    }
  ],
  "noise": {
    "min_y": -64,
    "height": 384,
    "size_horizontal": 4,
    "size_vertical": 2,
    "island_noise_override": false
  },
  "noise_router": {
    "noise": {
      "min_y": -64,
      "height": 384,
      "size_horizontal": 4,
      "size_vertical": 2,
      "island_noise_override": false
    },
    "depth": 0,
    "ridges": 0,
    "continents": "jamiesmod:biome_parameters/continents",
    "erosion": "jamiesmod:biome_parameters/erosion",
    "temperature": "jamiesmod:biome_parameters/temperature",
    "vegetation": "jamiesmod:biome_parameters/vegetation",
    "final_density": "jamiesmod:final_density",
    "initial_density_without_jaggedness": 1,
    "fluid_level_floodedness": "jamiesmod:aquifers/fluid_level_floodedness",
    "fluid_level_spread": "jamiesmod:aquifers/fluid_level_spread",
    "barrier": 0,
    "lava": 0,
    "vein_gap": "jamiesmod:ore_vein/gap",
    "vein_ridged": "jamiesmod:ore_vein/ridged",
    "vein_toggle": "jamiesmod:ore_vein/toggle"
  },
  "surface_rule": {
    "type": "minecraft:sequence",
    "sequence": [
      {
        "type": "minecraft:condition",
        "if_true": {
          "type": "minecraft:not",
          "invert": {
            "type": "minecraft:vertical_gradient",
            "false_at_and_above": {
              "below_top": 0
            },
            "random_name": "minecraft:bedrock_roof",
            "true_at_and_below": {
              "below_top": 5
            }
          }
        },
        "then_run": {
          "type": "minecraft:block",
          "result_state": {
            "Name": "minecraft:bedrock"
          }
        }
      },
      {
        "type": "minecraft:condition",
        "if_true": {
          "type": "minecraft:y_above",
          "add_stone_depth": true,
          "anchor": {
            "below_top": 5
          },
          "surface_depth_multiplier": 1
        },
        "then_run": {

          "type": "minecraft:block",
          "result_state": {
            "Name": "jamiesmod:bygoneslate"
          }
        }
      },

      {
        "type": "minecraft:condition",
        "if_true": {
          "type": "minecraft:biome",
          "biome_is": ["jamiesmod:ancient_forest"]
        },
        "then_run": {
          "type": "minecraft:sequence",
          "sequence": [
            {
              "type": "minecraft:condition",
              "if_true": {
                "type": "minecraft:noise_threshold",
                "max_threshold": 1.7976931348623157e308,
                "min_threshold": 0.21212121212121213,
                "noise": "minecraft:surface"
              },
              "then_run": {
                "type": "minecraft:block",
                "result_state": {
                  "Name": "jamiesmod:coarse_claystone"
                }
              }
            },
            {
              "type": "minecraft:condition",
              "if_true": {
                "type": "minecraft:noise_threshold",
                "max_threshold": 1.7976931348623157e308,
                "min_threshold": -0.11515151515151514,
                "noise": "minecraft:surface"
              },
              "then_run": {
                "type": "minecraft:block",
                "result_state": {
                  "Name": "minecraft:moss_block"
                }
              }
            }
          ]
        }
      },
      {
        "type": "minecraft:condition",
        "if_true": {
          "type": "minecraft:biome",
          "biome_is": ["minecraft:snow_roof"]
        },
        "then_run": {
          "type": "minecraft:sequence",
          "sequence": [
            {
              "type": "minecraft:condition",
              "if_true": {
                "type": "minecraft:stone_depth",
                "add_surface_depth": true,
                "offset": 0,
                "secondary_depth_range": 0,
                "surface_type": "ceiling"
              },
              "then_run": {
                "type": "minecraft:block",
                "result_state": {
                  "Name": "minecraft:packed_ice",
                  "Properties": {
                    "axis": "y"
                  }
                }
              }
            },
            {
              "type": "minecraft:condition",
              "if_true": {
                "type": "minecraft:stone_depth",
                "add_surface_depth": true,
                "offset": 0,
                "secondary_depth_range": 0,
                "surface_type": "floor"
              },
              "then_run": {
                "type": "minecraft:sequence",
                "sequence": [
                  {
                    "type": "minecraft:condition",
                    "if_true": {
                      "type": "minecraft:noise_threshold",
                      "max_threshold": 1.7976931348623157e308,
                      "min_threshold": -0.012,
                      "noise": "minecraft:patch"
                    },
                    "then_run": {
                      "type": "minecraft:condition",
                      "if_true": {
                        "type": "minecraft:y_above",
                        "add_stone_depth": true,
                        "anchor": {
                          "absolute": 30
                        },
                        "surface_depth_multiplier": 0
                      },
                      "then_run": {
                        "type": "minecraft:condition",
                        "if_true": {
                          "type": "minecraft:not",
                          "invert": {
                            "type": "minecraft:y_above",
                            "add_stone_depth": true,
                            "anchor": {
                              "absolute": 35
                            },
                            "surface_depth_multiplier": 0
                          }
                        },
                        "then_run": {
                          "type": "minecraft:block",
                          "result_state": {
                            "Name": "minecraft:gravel"
                          }
                        }
                      }
                    }
                  }
                ]
              }
            }
          ]
        }
      },
      {
        "type": "minecraft:condition",
        "if_true": {
          "type": "minecraft:biome",
          "biome_is": ["jamiesmod:primordial_ocean"]
        },
        "then_run": {
          "type": "minecraft:condition",
          "if_true": {
            "type": "minecraft:stone_depth",
            "add_surface_depth": true,
            "offset": 0,
            "secondary_depth_range": 6,
            "surface_type": "floor"
          },
          "then_run": {
            "type": "minecraft:sequence",
            "sequence": [
              {
                "type": "minecraft:condition",
                "if_true": {
                  "type": "minecraft:noise_threshold",
                  "max_threshold": 0.0125,
                  "min_threshold": -0.0125,
                  "noise": "minecraft:calcite"
                },
                "then_run": {
                  "type": "minecraft:block",
                  "result_state": {
                    "Name": "jamiesmod:malachite"
                  }
                }
              },
              {
                "type": "minecraft:block",
                "result_state": {
                  "Name": "jamiesmod:primordial_sand"
                }
              }
            ]
          }
        }
      },
      {
        "type": "minecraft:condition",
        "if_true": {
          "type": "minecraft:biome",
          "biome_is": ["jamiesmod:primordial_ocean"]
        },
        "then_run": {
          "type": "minecraft:sequence",
          "sequence": [
            {
              "type": "minecraft:condition",
              "if_true": {
                "type": "minecraft:stone_depth",
                "add_surface_depth": true,
                "offset": 0,
                "secondary_depth_range": 0,
                "surface_type": "ceiling"
              },
              "then_run": {
                "type": "minecraft:sequence",
                "sequence": [

                  {
                    "type": "minecraft:block",
                    "result_state": {
                      "Name": "jamiesmod:oceanstone"
                    }
                  }
                ]
              }
            },
            {
              "type": "minecraft:block",
              "result_state": {
                "Name": "jamiesmod:oceanstone"
              }
            }
          ]
        }
      },
      {
        "type": "minecraft:condition",
        "if_true": {
          "type": "minecraft:biome",
          "biome_is": ["minecraft:frozen_river"]
        },
        "then_run": {
          "type": "minecraft:sequence",
          "sequence": [
            {
              "type": "minecraft:condition",
              "if_true": {
                "type": "minecraft:stone_depth",
                "add_surface_depth": true,
                "offset": 0,
                "secondary_depth_range": 0,
                "surface_type": "floor"
              },
              "then_run": {
                "type": "minecraft:condition",
                "if_true": {
                  "type": "minecraft:noise_threshold",
                  "max_threshold": 1.7976931348623157e308,
                  "min_threshold": -0.012,
                  "noise": "minecraft:soul_sand_layer"
                },
                "then_run": {
                  "type": "minecraft:sequence",
                  "sequence": [
                    {
                      "type": "minecraft:condition",
                      "if_true": {
                        "type": "minecraft:not",
                        "invert": {
                          "type": "minecraft:hole"
                        }
                      },
                      "then_run": {
                        "type": "minecraft:condition",
                        "if_true": {
                          "type": "minecraft:y_above",
                          "add_stone_depth": true,
                          "anchor": {
                            "absolute": 30
                          },
                          "surface_depth_multiplier": 0
                        },
                        "then_run": {
                          "type": "minecraft:condition",
                          "if_true": {
                            "type": "minecraft:not",
                            "invert": {
                              "type": "minecraft:y_above",
                              "add_stone_depth": true,
                              "anchor": {
                                "absolute": 35
                              },
                              "surface_depth_multiplier": 0
                            }
                          },
                          "then_run": {
                            "type": "minecraft:block",
                            "result_state": {
                              "Name": "minecraft:soul_sand"
                            }
                          }
                        }
                      }
                    },
                    {
                      "type": "minecraft:block",
                      "result_state": {
                        "Name": "minecraft:netherrack"
                      }
                    }
                  ]
                }
              }
            },
            {
              "type": "minecraft:condition",
              "if_true": {
                "type": "minecraft:stone_depth",
                "add_surface_depth": false,
                "offset": 0,
                "secondary_depth_range": 0,
                "surface_type": "floor"
              },
              "then_run": {
                "type": "minecraft:condition",
                "if_true": {
                  "type": "minecraft:y_above",
                  "add_stone_depth": false,
                  "anchor": {
                    "absolute": 31
                  },
                  "surface_depth_multiplier": 0
                },
                "then_run": {
                  "type": "minecraft:condition",
                  "if_true": {
                    "type": "minecraft:not",
                    "invert": {
                      "type": "minecraft:y_above",
                      "add_stone_depth": true,
                      "anchor": {
                        "absolute": 35
                      },
                      "surface_depth_multiplier": 0
                    }
                  },
                  "then_run": {
                    "type": "minecraft:condition",
                    "if_true": {
                      "type": "minecraft:noise_threshold",
                      "max_threshold": 1.7976931348623157e308,
                      "min_threshold": -0.012,
                      "noise": "minecraft:gravel_layer"
                    },
                    "then_run": {
                      "type": "minecraft:sequence",
                      "sequence": [
                        {
                          "type": "minecraft:condition",
                          "if_true": {
                            "type": "minecraft:y_above",
                            "add_stone_depth": false,
                            "anchor": {
                              "absolute": 32
                            },
                            "surface_depth_multiplier": 0
                          },
                          "then_run": {
                            "type": "minecraft:block",
                            "result_state": {
                              "Name": "minecraft:gravel"
                            }
                          }
                        },
                        {
                          "type": "minecraft:condition",
                          "if_true": {
                            "type": "minecraft:not",
                            "invert": {
                              "type": "minecraft:hole"
                            }
                          },
                          "then_run": {
                            "type": "minecraft:block",
                            "result_state": {
                              "Name": "minecraft:gravel"
                            }
                          }
                        }
                      ]
                    }
                  }
                }
              }
            }
          ]
        }
      },
      {
        "type": "minecraft:condition",
        "if_true": {
          "type": "minecraft:biome",
          "biome_is": ["minecraft:basalt_deltas"]
        },
        "then_run": {
          "type": "minecraft:sequence",
          "sequence": [
            {
              "type": "minecraft:condition",
              "if_true": {
                "type": "minecraft:stone_depth",
                "add_surface_depth": true,
                "offset": 0,
                "secondary_depth_range": 0,
                "surface_type": "ceiling"
              },
              "then_run": {
                "type": "minecraft:block",
                "result_state": {
                  "Name": "minecraft:basalt",
                  "Properties": {
                    "axis": "y"
                  }
                }
              }
            },
            {
              "type": "minecraft:condition",
              "if_true": {
                "type": "minecraft:stone_depth",
                "add_surface_depth": true,
                "offset": 0,
                "secondary_depth_range": 0,
                "surface_type": "floor"
              },
              "then_run": {
                "type": "minecraft:sequence",
                "sequence": [
                  {
                    "type": "minecraft:condition",
                    "if_true": {
                      "type": "minecraft:noise_threshold",
                      "max_threshold": 1.7976931348623157e308,
                      "min_threshold": -0.012,
                      "noise": "minecraft:patch"
                    },
                    "then_run": {
                      "type": "minecraft:condition",
                      "if_true": {
                        "type": "minecraft:y_above",
                        "add_stone_depth": true,
                        "anchor": {
                          "absolute": 30
                        },
                        "surface_depth_multiplier": 0
                      },
                      "then_run": {
                        "type": "minecraft:condition",
                        "if_true": {
                          "type": "minecraft:not",
                          "invert": {
                            "type": "minecraft:y_above",
                            "add_stone_depth": true,
                            "anchor": {
                              "absolute": 35
                            },
                            "surface_depth_multiplier": 0
                          }
                        },
                        "then_run": {
                          "type": "minecraft:block",
                          "result_state": {
                            "Name": "minecraft:gravel"
                          }
                        }
                      }
                    }
                  },
                  {
                    "type": "minecraft:condition",
                    "if_true": {
                      "type": "minecraft:noise_threshold",
                      "max_threshold": 1.7976931348623157e308,
                      "min_threshold": 0.0,
                      "noise": "minecraft:nether_state_selector"
                    },
                    "then_run": {
                      "type": "minecraft:block",
                      "result_state": {
                        "Name": "minecraft:basalt",
                        "Properties": {
                          "axis": "y"
                        }
                      }
                    }
                  },
                  {
                    "type": "minecraft:block",
                    "result_state": {
                      "Name": "minecraft:blackstone"
                    }
                  }
                ]
              }
            }
          ]
        }
      },
      {
        "type": "minecraft:condition",
        "if_true": {
          "type": "minecraft:biome",
          "biome_is": ["minecraft:soul_sand_valley"]
        },
        "then_run": {
          "type": "minecraft:sequence",
          "sequence": [
            {
              "type": "minecraft:condition",
              "if_true": {
                "type": "minecraft:stone_depth",
                "add_surface_depth": true,
                "offset": 0,
                "secondary_depth_range": 0,
                "surface_type": "ceiling"
              },
              "then_run": {
                "type": "minecraft:sequence",
                "sequence": [
                  {
                    "type": "minecraft:condition",
                    "if_true": {
                      "type": "minecraft:noise_threshold",
                      "max_threshold": 1.7976931348623157e308,
                      "min_threshold": 0.0,
                      "noise": "minecraft:nether_state_selector"
                    },
                    "then_run": {
                      "type": "minecraft:block",
                      "result_state": {
                        "Name": "minecraft:soul_sand"
                      }
                    }
                  },
                  {
                    "type": "minecraft:block",
                    "result_state": {
                      "Name": "minecraft:soul_soil"
                    }
                  }
                ]
              }
            },
            {
              "type": "minecraft:condition",
              "if_true": {
                "type": "minecraft:stone_depth",
                "add_surface_depth": true,
                "offset": 0,
                "secondary_depth_range": 0,
                "surface_type": "floor"
              },
              "then_run": {
                "type": "minecraft:sequence",
                "sequence": [
                  {
                    "type": "minecraft:condition",
                    "if_true": {
                      "type": "minecraft:noise_threshold",
                      "max_threshold": 1.7976931348623157e308,
                      "min_threshold": -0.012,
                      "noise": "minecraft:patch"
                    },
                    "then_run": {
                      "type": "minecraft:condition",
                      "if_true": {
                        "type": "minecraft:y_above",
                        "add_stone_depth": true,
                        "anchor": {
                          "absolute": 30
                        },
                        "surface_depth_multiplier": 0
                      },
                      "then_run": {
                        "type": "minecraft:condition",
                        "if_true": {
                          "type": "minecraft:not",
                          "invert": {
                            "type": "minecraft:y_above",
                            "add_stone_depth": true,
                            "anchor": {
                              "absolute": 35
                            },
                            "surface_depth_multiplier": 0
                          }
                        },
                        "then_run": {
                          "type": "minecraft:block",
                          "result_state": {
                            "Name": "minecraft:gravel"
                          }
                        }
                      }
                    }
                  },
                  {
                    "type": "minecraft:condition",
                    "if_true": {
                      "type": "minecraft:noise_threshold",
                      "max_threshold": 1.7976931348623157e308,
                      "min_threshold": 0.0,
                      "noise": "minecraft:nether_state_selector"
                    },
                    "then_run": {
                      "type": "minecraft:block",
                      "result_state": {
                        "Name": "minecraft:soul_sand"
                      }
                    }
                  },
                  {
                    "type": "minecraft:block",
                    "result_state": {
                      "Name": "minecraft:soul_soil"
                    }
                  }
                ]
              }
            }
          ]
        }
      },
      {
        "type": "minecraft:condition",
        "if_true": {
          "type": "minecraft:stone_depth",
          "add_surface_depth": false,
          "offset": 0,
          "secondary_depth_range": 0,
          "surface_type": "floor"
        },
        "then_run": {
          "type": "minecraft:sequence",
          "sequence": [
            {
              "type": "minecraft:condition",
              "if_true": {
                "type": "minecraft:biome",
                "biome_is": ["jamiesmod:ancient_forest"]
              },
              "then_run": {
                "type": "minecraft:sequence",
                "sequence": [
                  {
                    "type": "minecraft:condition",
                    "if_true": {
                      "type": "minecraft:stone_depth",
                      "add_surface_depth": false,
                      "offset": 0,
                      "secondary_depth_range": 0,
                      "surface_type": "ceiling"
                    },
                    "then_run": {
                      "type": "minecraft:block",
                      "result_state": {
                        "Name": "jamiesmod:claystone"
                      }
                    }
                  },
                  {
                    "type": "minecraft:block",
                    "result_state": {
                      "Name": "jamiesmod:mossy_claystone"
                    }
                  }
                ]
              }
            },
            {
              "type": "minecraft:condition",
              "if_true": {
                "type": "minecraft:biome",
                "biome_is": ["jamiesmod:calm"]
              },
              "then_run": {
                "type": "minecraft:sequence",
                "sequence": [
                  {
                    "type": "minecraft:condition",
                    "if_true": {
                      "type": "minecraft:stone_depth",
                      "add_surface_depth": false,
                      "offset": 0,
                      "secondary_depth_range": 0,
                      "surface_type": "ceiling"
                    },
                    "then_run": {
                      "type": "minecraft:block",
                      "result_state": {
                        "Name": "minecraft:calcite"
                      }
                    }
                  },
                  {
                    "type": "minecraft:block",
                    "result_state": {
                      "Name": "minecraft:grass_block"
                    }
                  }
                ]
              }
            },

            {
              "type": "minecraft:condition",
              "if_true": {
                "type": "minecraft:biome",
                "biome_is": ["jamiesmod:pillars"]
              },

              "then_run": {
                "type": "minecraft:sequence",
                "sequence": [
                  {
                    "type": "minecraft:condition",
                    "if_true": {
                      "type": "minecraft:stone_depth",
                      "add_surface_depth": false,
                      "offset": 0,
                      "secondary_depth_range": 0,
                      "max_threshold": 1.7976931348623157e308,
                      "min_threshold": 0.21212121212121213,
                      "surface_type": "ceiling"
                    },
                    "then_run": {
                      "type": "minecraft:block",
                      "result_state": {
                        "Name": "minecraft:soul_soil"
                      }
                    }
                  },
                  {
                    "type": "minecraft:condition",
                    "if_true": {
                      "type": "minecraft:stone_depth",
                      "add_surface_depth": false,
                      "offset": 0,
                      "secondary_depth_range": 0,
                      "max_threshold": 1.7976931348623157e308,
                      "min_threshold": -0.11515151515151514,
                      "surface_type": "ceiling"
                    },
                    "then_run": {
                      "type": "minecraft:block",
                      "result_state": {
                        "Name": "minecraft:podzol",
                        "Properties": {
                          "snowy": "false"
                        }
                      }
                    }
                  }
                ]
              }
            }
          ]
        }
      },
      {
        "type": "minecraft:condition",
        "if_true": {
          "type": "minecraft:biome",
          "biome_is": ["jamiesmod:soul_plains"]
        },
        "then_run": {
          "type": "minecraft:condition",
          "if_true": {
            "type": "minecraft:stone_depth",
            "add_surface_depth": true,
            "offset": 0,
            "secondary_depth_range": 30,
            "surface_type": "floor"
          },
          "then_run": {
            "type": "minecraft:block",
            "result_state": {
              "Name": "minecraft:soul_soil"
            }
          }
        }
      },
      {
        "type": "minecraft:condition",
        "if_true": {
          "type": "minecraft:biome",
          "biome_is": ["jamiesmod:ancient_forest"]
        },
        "then_run": {
          "type": "minecraft:condition",
          "if_true": {
            "type": "minecraft:stone_depth",
            "add_surface_depth": true,
            "offset": 0,
            "secondary_depth_range": 30,
            "surface_type": "floor"
          },
          "then_run": {
            "type": "minecraft:block",
            "result_state": {
              "Name": "jamiesmod:claystone"
            }
          }
        }
      },
      {
        "type": "minecraft:condition",
        "if_true": {
          "type": "minecraft:biome",
          "biome_is": ["jamiesmod:calm"]
        },
        "then_run": {
          "type": "minecraft:condition",
          "if_true": {
            "type": "minecraft:stone_depth",
            "add_surface_depth": true,
            "offset": 0,
            "secondary_depth_range": 30,
            "surface_type": "floor"
          },
          "then_run": {
            "type": "minecraft:block",
            "result_state": {
              "Name": "minecraft:calcite"
            }
          }
        }
      },
      {
        "type": "minecraft:condition",
        "if_true": {
          "type": "minecraft:biome",
          "biome_is": ["jamiesmod:pillars"]
        },
        "then_run": {
          "type": "minecraft:sequence",
          "sequence": [
            {
              "type": "minecraft:condition",
              "if_true": {
                "type": "minecraft:stone_depth",
                "add_surface_depth": true,
                "offset": 0,
                "secondary_depth_range": 0,
                "surface_type": "ceiling"
              },
              "then_run": {
                "type": "minecraft:sequence",
                "sequence": [
                  {
                    "type": "minecraft:condition",
                    "if_true": {
                      "type": "minecraft:noise_threshold",
                      "max_threshold": 1.7976931348623157e308,
                      "min_threshold": 0.0,
                      "noise": "minecraft:nether_state_selector"
                    },
                    "then_run": {
                      "type": "minecraft:block",
                      "result_state": {
                        "Name": "minecraft:soul_soil"
                      }
                    }
                  },
                  {
                    "type": "minecraft:block",
                    "result_state": {
                      "Name": "minecraft:stone"
                    }
                  }
                ]
              }
            },
            {
              "type": "minecraft:condition",
              "if_true": {
                "type": "minecraft:stone_depth",
                "add_surface_depth": true,
                "offset": 0,
                "secondary_depth_range": 0,
                "surface_type": "floor"
              },
              "then_run": {
                "type": "minecraft:sequence",
                "sequence": [
                  {
                    "type": "minecraft:condition",
                    "if_true": {
                      "type": "minecraft:noise_threshold",
                      "max_threshold": 1.7976931348623157e308,
                      "min_threshold": -0.012,
                      "noise": "minecraft:patch"
                    },
                    "then_run": {
                      "type": "minecraft:condition",
                      "if_true": {
                        "type": "minecraft:y_above",
                        "add_stone_depth": true,
                        "anchor": {
                          "absolute": 30
                        },
                        "surface_depth_multiplier": 0
                      },
                      "then_run": {
                        "type": "minecraft:condition",
                        "if_true": {
                          "type": "minecraft:not",
                          "invert": {
                            "type": "minecraft:y_above",
                            "add_stone_depth": true,
                            "anchor": {
                              "absolute": 35
                            },
                            "surface_depth_multiplier": 0
                          }
                        },
                        "then_run": {
                          "type": "minecraft:block",
                          "result_state": {
                            "Name": "minecraft:gravel"
                          }
                        }
                      }
                    }
                  },
                  {
                    "type": "minecraft:condition",
                    "if_true": {
                      "type": "minecraft:noise_threshold",
                      "max_threshold": 1.7976931348623157e308,
                      "min_threshold": 0.0,
                      "noise": "minecraft:nether_state_selector"
                    },
                    "then_run": {
                      "type": "minecraft:block",
                      "result_state": {
                        "Name": "minecraft:amethyst_block"
                      }
                    }
                  },
                  {
                    "type": "minecraft:block",
                    "result_state": {
                      "Name": "minecraft:soul_soil"
                    }
                  }
                ]
              }
            }
          ]
        }
      },
      {
        "type": "minecraft:condition",
        "if_true": {
          "type": "minecraft:biome",
          "biome_is": ["minecraft:nether_wastes"]
        },
        "then_run": {
          "type": "minecraft:sequence",
          "sequence": [
            {
              "type": "minecraft:condition",
              "if_true": {
                "type": "minecraft:stone_depth",
                "add_surface_depth": true,
                "offset": 0,
                "secondary_depth_range": 0,
                "surface_type": "floor"
              },
              "then_run": {
                "type": "minecraft:condition",
                "if_true": {
                  "type": "minecraft:noise_threshold",
                  "max_threshold": 1.7976931348623157e308,
                  "min_threshold": -0.012,
                  "noise": "minecraft:soul_sand_layer"
                },
                "then_run": {
                  "type": "minecraft:sequence",
                  "sequence": [
                    {
                      "type": "minecraft:condition",
                      "if_true": {
                        "type": "minecraft:not",
                        "invert": {
                          "type": "minecraft:hole"
                        }
                      },
                      "then_run": {
                        "type": "minecraft:condition",
                        "if_true": {
                          "type": "minecraft:y_above",
                          "add_stone_depth": true,
                          "anchor": {
                            "absolute": 30
                          },
                          "surface_depth_multiplier": 0
                        },
                        "then_run": {
                          "type": "minecraft:condition",
                          "if_true": {
                            "type": "minecraft:not",
                            "invert": {
                              "type": "minecraft:y_above",
                              "add_stone_depth": true,
                              "anchor": {
                                "absolute": 35
                              },
                              "surface_depth_multiplier": 0
                            }
                          },
                          "then_run": {
                            "type": "minecraft:block",
                            "result_state": {
                              "Name": "minecraft:soul_sand"
                            }
                          }
                        }
                      }
                    },
                    {
                      "type": "minecraft:block",
                      "result_state": {
                        "Name": "minecraft:netherrack"
                      }
                    }
                  ]
                }
              }
            },
            {
              "type": "minecraft:condition",
              "if_true": {
                "type": "minecraft:stone_depth",
                "add_surface_depth": false,
                "offset": 0,
                "secondary_depth_range": 0,
                "surface_type": "floor"
              },
              "then_run": {
                "type": "minecraft:condition",
                "if_true": {
                  "type": "minecraft:y_above",
                  "add_stone_depth": false,
                  "anchor": {
                    "absolute": 31
                  },
                  "surface_depth_multiplier": 0
                },
                "then_run": {
                  "type": "minecraft:condition",
                  "if_true": {
                    "type": "minecraft:not",
                    "invert": {
                      "type": "minecraft:y_above",
                      "add_stone_depth": true,
                      "anchor": {
                        "absolute": 35
                      },
                      "surface_depth_multiplier": 0
                    }
                  },
                  "then_run": {
                    "type": "minecraft:condition",
                    "if_true": {
                      "type": "minecraft:noise_threshold",
                      "max_threshold": 1.7976931348623157e308,
                      "min_threshold": -0.012,
                      "noise": "minecraft:gravel_layer"
                    },
                    "then_run": {
                      "type": "minecraft:sequence",
                      "sequence": [
                        {
                          "type": "minecraft:condition",
                          "if_true": {
                            "type": "minecraft:y_above",
                            "add_stone_depth": false,
                            "anchor": {
                              "absolute": 32
                            },
                            "surface_depth_multiplier": 0
                          },
                          "then_run": {
                            "type": "minecraft:block",
                            "result_state": {
                              "Name": "minecraft:gravel"
                            }
                          }
                        },
                        {
                          "type": "minecraft:condition",
                          "if_true": {
                            "type": "minecraft:not",
                            "invert": {
                              "type": "minecraft:hole"
                            }
                          },
                          "then_run": {
                            "type": "minecraft:block",
                            "result_state": {
                              "Name": "minecraft:gravel"
                            }
                          }
                        }
                      ]
                    }
                  }
                }
              }
            }
          ]
        }
      },
      {
        "type": "minecraft:block",
        "result_state": {
          "Name": "jamiesmod:bygonestone"
        }
      }
    ]
  }
}
