{
  "feature": "jamiesmod:patch_blue",
  "placement": [
    {
      "type": "minecraft:count",
      "count": {
        "type": "minecraft:uniform",
        "max_inclusive": 64,
        "min_inclusive": 8
      }
    },
    {
      "type": "minecraft:height_range",
      "height": {
        "type": "minecraft:uniform",
        "max_inclusive": {
          "absolute": 256
        },
        "min_inclusive": {
          "above_bottom": 0
        }
      }
    },
    {
      "type": "minecraft:in_square"
    },
    {
      "type": "minecraft:surface_relative_threshold_filter",
      "heightmap": "OCEAN_FLOOR_WG",
      "max_inclusive": -63
    },
    {
      "type": "minecraft:biome"
    }
  ]
}