{
  "type": "jamiesmod:bygone",

  "generator": {
    "type": "minecraft:noise",

    "settings": "jamiesmod:bygone",
    "biome_source": {
      "type": "minecraft:multi_noise",
      "biomes": [
        {
          "biome": "jamiesmod:ancient_forest",
          "parameters": {
            "temperature": [-2, 2],
            "humidity": [-2, 0],
            "continentalness": [-0.5, 2],
            "erosion": [-2, 0],
            "weirdness": [-2, 2],
            "depth": [-2, 2],
            "offset": 0
          }
        },
        {
          "biome": "jamiesmod:ancient_forest",
          "parameters": {
            "temperature": [-2, 2],
            "humidity": [0, 2],
            "continentalness": [-0.5, 2],
            "erosion": [-2, 2],
            "weirdness": [-2, 2],
            "depth": [-2, 2],
            "offset": 0
          }
        },
        {
          "biome": "jamiesmod:ancient_forest",
          "parameters": {
            "temperature": [-2, 2],
            "humidity": [-2, 0],
            "continentalness": [-0.5, 2],
            "erosion": [0, 2],
            "weirdness": [-2, 2],
            "depth": [-2, 2],
            "offset": 0
          }
        },
        {
          "biome": "jamiesmod:primordial_ocean",
          "parameters": {
            "temperature": [-2, 2],
            "humidity": [-2, 2],
            "continentalness": [-2, -0.5],
            "erosion": [-2, 2],
            "weirdness": [-2, 2],
            "depth": [-2, 2],
            "offset": 0
          }
        }
      ]
    }
  }
}
