{
  "parent": "minecraft:block/template_lantern",
  "textures": {
    "0": "jamiesmod:block/gourd_lantern",
    "1": "jamiesmod:block/gourd_lantern",
    "particle": "jamiesmod:block/gourd_lantern"
  },
  "elements": [
    {
      "from": [4, 0, 4],
      "to": [12, 8, 12],
      "rotation": {"angle": 0, "axis": "y", "origin": [4, 0, 4]},
      "faces": {
        "north": {"uv": [0, 0, 4, 4], "texture": "#0"},
        "east": {"uv": [0, 4, 4, 8], "texture": "#0"},
        "south": {"uv": [4, 0, 8, 4], "texture": "#0"},
        "west": {"uv": [4, 4, 8, 8], "texture": "#0"},
        "up": {"uv": [4, 12, 0, 8], "texture": "#0"},
        "down": {"uv": [12, 0, 8, 4], "texture": "#0"}
      }
    }
  ]
}