{
	"credit": "Made with Blockbench",
	"render_type": "minecraft:cutout",
	"textures": {
		"1": "jamiesmod:block/rafflesia",
		"2": "jamiesmod:block/rafflesia_base",
		"particle": "jamiesmod:block/rafflesia"
	},
	"elements": [
		{
			"from": [5, 0, 5],
			"to": [11, 2, 11],
			"rotation": {"angle": 0, "axis": "y", "origin": [8, 0, 8]},
			"faces": {
				"north": {"uv": [6, 0, 12, 2], "texture": "#2"},
				"east": {"uv": [6, 2, 12, 4], "texture": "#2"},
				"south": {"uv": [6, 4, 12, 6], "texture": "#2"},
				"west": {"uv": [6, 6, 12, 8], "texture": "#2"},
				"up": {"uv": [6, 6, 0, 0], "texture": "#2"},
				"down": {"uv": [6, 6, 0, 12], "texture": "#2"}
			}
		},
		{
			"from": [0, 0.41912, -8.34205],
			"to": [16, 0.41912, 7.65795],
			"shade": false,
			"rotation": {"angle": 22.5, "axis": "x", "origin": [8, -0.86932, 7]},
			"faces": {
				"north": {"uv": [0, 0, 0, 0], "texture": "#1"},
				"east": {"uv": [0, 0, 0, 0], "texture": "#1"},
				"south": {"uv": [0, 0, 0, 0], "texture": "#1"},
				"west": {"uv": [0, 0, 0, 0], "texture": "#1"},
				"up": {"uv": [0, 0, 16, 16], "texture": "#1"},
				"down": {"uv": [0, 16, 16, 0], "texture": "#1"}
			}
		},
		{
			"from": [0, 0.41912, 8.34205],
			"to": [16, 0.41912, 24.34205],
			"shade": false,
			"rotation": {"angle": -22.5, "axis": "x", "origin": [8, -0.86932, 9]},
			"faces": {
				"north": {"uv": [0, 0, 0, 0], "texture": "#1"},
				"east": {"uv": [0, 0, 0, 0], "texture": "#1"},
				"south": {"uv": [0, 0, 0, 0], "texture": "#1"},
				"west": {"uv": [0, 0, 0, 0], "texture": "#1"},
				"up": {"uv": [16, 16, 0, 0], "texture": "#1"},
				"down": {"uv": [16, 0, 0, 16], "texture": "#1"}
			}
		},
		{
			"from": [-8.34205, 0.41912, 0],
			"to": [7.65795, 0.41912, 16],
			"shade": false,
			"rotation": {"angle": -22.5, "axis": "z", "origin": [7, -0.86932, 8]},
			"faces": {
				"north": {"uv": [0, 0, 0, 0], "texture": "#1"},
				"east": {"uv": [0, 0, 0, 0], "texture": "#1"},
				"south": {"uv": [0, 0, 0, 0], "texture": "#1"},
				"west": {"uv": [0, 0, 0, 0], "texture": "#1"},
				"up": {"uv": [0, 0, 16, 16], "rotation": 270, "texture": "#1"},
				"down": {"uv": [0, 16, 16, 0], "rotation": 90, "texture": "#1"}
			}
		},
		{
			"from": [8.34205, 0.41912, 0],
			"to": [24.34205, 0.41912, 16],
			"shade": false,
			"rotation": {"angle": 22.5, "axis": "z", "origin": [9, -0.86932, 8]},
			"faces": {
				"north": {"uv": [0, 0, 0, 0], "texture": "#1"},
				"east": {"uv": [0, 0, 0, 0], "texture": "#1"},
				"south": {"uv": [0, 0, 0, 0], "texture": "#1"},
				"west": {"uv": [0, 0, 0, 0], "texture": "#1"},
				"up": {"uv": [0, 0, 16, 16], "rotation": 90, "texture": "#1"},
				"down": {"uv": [0, 16, 16, 0], "rotation": 270, "texture": "#1"}
			}
		}
	],
	"display": {
		"thirdperson_righthand": {
			"rotation": [75, 45, 0],
			"translation": [0, 2.5, 0],
			"scale": [0.375, 0.375, 0.375]
		},
		"thirdperson_lefthand": {
			"rotation": [75, 45, 0],
			"translation": [0, 2.5, 0],
			"scale": [0.375, 0.375, 0.375]
		},
		"firstperson_righthand": {
			"rotation": [0, 45, 0],
			"translation": [0, 2, 0],
			"scale": [0.4, 0.4, 0.4]
		},
		"firstperson_lefthand": {
			"rotation": [0, 225, 0],
			"translation": [0, 2, 0],
			"scale": [0.4, 0.4, 0.4]
		},
		"ground": {
			"translation": [0, 3, 0],
			"scale": [0.25, 0.25, 0.25]
		},
		"gui": {
			"rotation": [30, 225, 0],
			"scale": [0.625, 0.625, 0.625]
		},
		"head": {
			"translation": [0, 14.25, 0]
		},
		"fixed": {
			"rotation": [-90, 0, 0],
			"translation": [0, 0, -3],
			"scale": [0.5, 0.5, 0.5]
		}
	}
}