{
    "type": "minecraft:simple_random_selector",
    "config": {
        "features": [
            {
                "feature": {
                    "type": "minecraft:random_patch",
                    "config": {
                        "tries": 6,
                        "xz_spread": 1,
                        "y_spread": 1,
                        "feature": {
                            "feature": {
                                "type": "minecraft:block_column",
                                "config": {
                                    "direction": "down",
                                    "allowed_placement": {
                                        "type": "minecraft:true"
                                    },
                                    "prioritize_tip": true,
                                    "layers": [
                                        {
                                            "height": {
                                                "type": "minecraft:uniform",
                                                "min_inclusive": 1,
                                                "max_inclusive": 2
                                            },
                                            "provider": {
                                                "type": "minecraft:simple_state_provider",
                                                "state": {
                                                    "Name": "jamiesmod:ancient_wood",
                                                    "Properties": {
                                                        "axis": "y"
                                                    }
                                                }
                                            }
                                        }
                                    ]
                                }
                            },
                            "placement": [
                                {
                                    "type": "minecraft:block_predicate_filter",
                                    "predicate": {
                                        "type": "minecraft:all_of",
                                        "predicates": [
                                            {
                                                "type": "minecraft:any_of",
                                                "predicates": [
                                                    {
                                                        "type": "minecraft:matching_blocks",
                                                        "offset": [
                                                            1,
                                                            -3,
                                                            0
                                                        ],
                                                        "blocks": "jamiesmod:ancient_log"
                                                    },
                                                    {
                                                        "type": "minecraft:matching_blocks",
                                                        "offset": [
                                                            0,
                                                            -3,
                                                            1
                                                        ],
                                                        "blocks": "jamiesmod:ancient_log"
                                                    },
                                                    {
                                                        "type": "minecraft:matching_blocks",
                                                        "offset": [
                                                            -1,
                                                            -3,
                                                            0
                                                        ],
                                                        "blocks": "jamiesmod:ancient_log"
                                                    },
                                                    {
                                                        "type": "minecraft:matching_blocks",
                                                        "offset": [
                                                            0,
                                                            -3,
                                                            -1
                                                        ],
                                                        "blocks": "jamiesmod:ancient_log"
                                                    }
                                                ]
                                            },
                                            {
                                                "type": "minecraft:not",
                                                "predicate": {
                                                    "type": "minecraft:matching_blocks",
                                                    "offset": [
                                                        0,
                                                        0,
                                                        0
                                                    ],
                                                    "blocks": "#jamiesmod:ancient_logs"
                                                }
                                            },
                                            {
                                                "type": "minecraft:not",
                                                "predicate": {
                                                    "type": "minecraft:matching_blocks",
                                                    "offset": [
                                                        0,
                                                        -1,
                                                        0
                                                    ],
                                                    "blocks": "jamiesmod:ancient_log"
                                                }
                                            },
                                            {
                                                "type": "minecraft:not",
                                                "predicate": {
                                                    "type": "minecraft:matching_blocks",
                                                    "offset": [
                                                        0,
                                                        1,
                                                        0
                                                    ],
                                                    "blocks": "jamiesmod:ancient_log"
                                                }
                                            }
                                        ]
                                    }
                                }
                            ]
                        }
                    }
                },
                "placement": []
            }
        ]
    }
}