{
  "parent": "minecraft:recipes/root",
  "criteria": {
    "has_scale": {
      "conditions": {
        "items": [
          {
            "items": "jamiesmod:scale"
          }
        ]
      },
      "trigger": "minecraft:inventory_changed"
    },
    "has_the_recipe": {
      "conditions": {
        "recipe": "minecraft:scale_chestplate"
      },
      "trigger": "minecraft:recipe_unlocked"
    }
  },
  "requirements": [
    [
      "has_the_recipe",
      "has_scale"
    ]
  ],
  "rewards": {
    "recipes": [
      "minecraft:scale_chestplate"
    ]
  }
}